COD. REMESSA;SENHA;PRESTADOR DRG;USUARIO IAG;SENHA IAG;CARTEIRA;NOME;NR. ATENDIMENTO;ACAO;COD.ITEM CONSUMO;DESC.ITEM CONSUMO;COD.GRUPO CONSUMO;QTDE ITEM CONSUMO;DATA E HORA;VL.UNITARIO ITEM CONSUMO;VL.TOTAL ITEM CONSUMO;VL.CUSTO VARIAVEL DIRETO;VL.CUSTO FIXO DIRETO;VL.CUSTO VARIAVEL INDIRETO;VL.CUSTO FIXO INDIRETO;VL.DEDUCOES;QTDE RECEITA;VL.UNITARIO RECEITA;VL.TOTAL RECEITA;COD.PRESTADOR;DESC.PRESTADOR;UNIDADE;UNIDADE PRESTADORA;TRANSACAO;NR SERIE DOC ORIGINAL;NR DOC ORIGINAL;NR DOC SISTEMA;TIPO INSUMO;INSUMO;NR PROCESSO;NR SEQ DIGITACAO;NR DRG;DESCRICAO ERRO
1;;264;BrUN0B0rn-264;hhtY3$G91;294200465010256;DAIANE DORR BOHM;;INCLUIR;60000473;DIARIA DE ACOMPANHANTE SOMENTE COM CAFE DA MANHA;0;1;26/01/2017 16:55;8,82;8,82;;;;;;;;;20000023;SOCIEDADE BENEFICENCIA E CARIDADE DE LAJEADO;29;29;511;n17;2642291;0;34;60000473;1;1;;XML sem ao menos um identificador informado.
1;;264;BrUN0B0rn-264;hhtY3$G91;294100081001939;SUZICLEI ALVES DE LIMA KUZMA;;INCLUIR;60028947;TAXA DE CARRO ANESTESICO, POR HORA;0;1;31/01/2017 13:25;0,92;0,92;;;;;;;;;20000023;SOCIEDADE BENEFICENCIA E CARIDADE DE LAJEADO;29;29;511;n17;2676105;0;37;60028947;11;11;;XML sem ao menos um identificador informado.
1;;264;BrUN0B0rn-264;hhtY3$G91;294200806014078;ELISANDRA CRISTINE DA COSTA;;INCLUIR;99999919;TAXA GENERICA;0;1;07/02/2017 08:55;0,83;0,83;;;;;;;;;20000023;SOCIEDADE BENEFICENCIA E CARIDADE DE LAJEADO;29;29;511;n17;2706559;0;33;99999919;5;5;;XML sem ao menos um identificador informado.
1;2785148721;264;BrUN0B0rn-264;hhtY3$G91;294500027004459;DAIANA CAROLINI SCHONINGER;;INCLUIR;19905949;seringa desc.s/ag 10ml;0;1;20/04/2017 09:56;0,38;0,38;;;;;;;;;20000023;SOCIEDADE BENEFICENCIA E CARIDADE DE LAJEADO;29;29;511;XML1;3027716;0;31;19905949;29;1;;XML sem ao menos um identificador informado.
1;2785148721;264;BrUN0B0rn-264;hhtY3$G91;294500027004459;DAIANA CAROLINI SCHONINGER;;INCLUIR;19905949;seringa desc.s/ag 10ml;0;1;20/04/2017 09:56;0,38;0,38;;;;;;;;;20000023;SOCIEDADE BENEFICENCIA E CARIDADE DE LAJEADO;29;29;511;XML1;3027716;0;31;19905949;29;1;;XML sem ao menos um identificador informado.
1;3592501737;264;BrUN0B0rn-264;hhtY3$G91;294300111000180;HERIBERTO JOAO HENZ;;INCLUIR;90104765;ISOFARMA - AGUA PARA INJECAO SOL INJ CX 200 AMP POLIET INC X 10 ML ;0;7;24/04/2017 23:59;1,2042857143;8,43;;;;;;;;;20000023;SOCIEDADE BENEFICENCIA E CARIDADE DE LAJEADO;29;29;511;XML1;3027720;0;32;90104765;2;1;;Registro de internação do paciente não encontrado ou ainda não foi enviado para importação.
1;;264;BrUN0B0rn-264;hhtY3$G91;290733820000018;MAICON ANDRE KORNER;;INCLUIR;90065573;SOLUCAO FISIOLOGICA DE CLORETO DE SODIO EQUIPLEX 9 MG/ML SOL INJ IV CX 70 FR PLAS TRANS PE SIST FECH X 100 ML;0;1;25/04/2017 23:34;3,25;3,25;;;;;;;;;20000023;SOCIEDADE BENEFICENCIA E CARIDADE DE LAJEADO;29;29;511;XML1;3027725;0;32;90065573;74;1;;XML sem ao menos um identificador informado.
1;;264;BrUN0B0rn-264;hhtY3$G91;290733820000018;MAICON ANDRE KORNER;;INCLUIR;90065573;SOLUCAO FISIOLOGICA DE CLORETO DE SODIO EQUIPLEX 9 MG/ML SOL INJ IV CX 70 FR PLAS TRANS PE SIST FECH X 100 ML;0;1;25/04/2017 23:34;3,25;3,25;;;;;;;;;20000023;SOCIEDADE BENEFICENCIA E CARIDADE DE LAJEADO;29;29;511;XML1;3027725;0;32;90065573;74;1;;XML sem ao menos um identificador informado.
1;1700677468;264;BrUN0B0rn-264;hhtY3$G91;482100017255714;GESSICA PEXIGODINSKI DE S;;INCLUIR;90048431;TRAMADON 50 MG/ ML SOL INJ CX 100 AMP VD INC X 2 ML EMB HOSP;0;1;26/04/2017 04:56;11,48;11,48;;;;;;;;;20000023;SOCIEDADE BENEFICENCIA E CARIDADE DE LAJEADO;29;29;511;XML1;3068535;0;32;90048431;137;1;;Registro de internação do paciente não encontrado ou ainda não foi enviado para importação.
1;1700677468;264;BrUN0B0rn-264;hhtY3$G91;482100017255714;GESSICA PEXIGODINSKI DE S;;INCLUIR;90048431;TRAMADON 50 MG/ ML SOL INJ CX 100 AMP VD INC X 2 ML EMB HOSP;0;1;26/04/2017 04:56;11,48;11,48;;;;;;;;;20000023;SOCIEDADE BENEFICENCIA E CARIDADE DE LAJEADO;29;29;511;XML1;3068535;0;32;90048431;137;1;;Registro de internação do paciente não encontrado ou ainda não foi enviado para importação.
